timestamp,agent.name,rule.description,rule.level,rule.id
"Jun 30, 2026 @ 23:24:01.172","srv-prod","PAM: Login session closed.","3","5502"
"Jun 30, 2026 @ 23:24:01.172","srv-prod","PAM: Login session opened.","3","5501"
"Jun 30, 2026 @ 23:24:01.171","srv-prod","Successful sudo to ROOT executed.","3","5402"
"Jun 30, 2026 @ 23:21:49.001","srv-prod","Successful sudo to ROOT executed.","3","5402"
"Jun 30, 2026 @ 23:21:49.001","srv-prod","PAM: Login session opened.","3","5501"
"Jun 30, 2026 @ 23:21:49.001","srv-prod","PAM: Login session closed.","3","5502"
"Jun 30, 2026 @ 23:21:38.992","srv-prod","sshd: authentication failed.","5","5760"
"Jun 30, 2026 @ 23:21:38.992","srv-prod","Ataque de fuerza bruta SSH desde 99.99.99.99","10","100050"
"Jun 30, 2026 @ 23:21:38.992","srv-prod","PAM: Login session closed.","3","5502"
"Jun 30, 2026 @ 23:21:36.551","srv-prod","sshd: authentication failed.","5","5760"
"Jun 30, 2026 @ 23:21:36.551","srv-prod","sshd: authentication failed.","5","5760"
"Jun 30, 2026 @ 23:21:36.550","srv-prod","Ataque de fuerza bruta SSH desde 99.99.99.99","10","100050"
"Jun 30, 2026 @ 23:21:36.550","srv-prod","sshd: authentication failed.","5","5760"
"Jun 30, 2026 @ 23:21:34.547","srv-prod","sshd: authentication failed.","5","5760"
"Jun 30, 2026 @ 23:21:34.547","srv-prod","Ataque de fuerza bruta SSH desde 99.99.99.99","10","100050"
"Jun 30, 2026 @ 23:21:34.547","srv-prod","sshd: authentication failed.","5","5760"
"Jun 30, 2026 @ 23:21:34.547","srv-prod","sshd: authentication failed.","5","5760"
"Jun 30, 2026 @ 23:21:34.547","srv-prod","sshd: authentication failed.","5","5760"
"Jun 30, 2026 @ 23:21:32.546","srv-prod","sshd: authentication failed.","5","5760"
"Jun 30, 2026 @ 23:21:32.546","srv-prod","sshd: authentication failed.","5","5760"
"Jun 30, 2026 @ 23:21:32.545","srv-prod","sshd: authentication failed.","5","5760"
"Jun 30, 2026 @ 23:21:32.545","srv-prod","PAM: Login session opened.","3","5501"
"Jun 30, 2026 @ 23:21:32.545","srv-prod","sshd: authentication failed.","5","5760"
"Jun 30, 2026 @ 23:21:32.543","srv-prod","Successful sudo to ROOT executed.","3","5402"
"Jun 30, 2026 @ 23:21:24.532","srv-prod","Successful sudo to ROOT executed.","3","5402"
"Jun 30, 2026 @ 23:21:24.532","srv-prod","PAM: Login session opened.","3","5501"
"Jun 30, 2026 @ 23:21:24.532","srv-prod","PAM: Login session closed.","3","5502"
"Jun 30, 2026 @ 23:21:23.578","srv-prod","Wazuh server started.","3","502"
"Jun 30, 2026 @ 23:21:20.526","srv-prod","PAM: Login session closed.","3","5502"
"Jun 30, 2026 @ 23:21:10.991","srv-prod","Host-based anomaly detection event (rootcheck).","7","510"
"Jun 30, 2026 @ 23:21:10.855","srv-prod","Host-based anomaly detection event (rootcheck).","7","510"
"Jun 30, 2026 @ 23:20:42.169","srv-prod","PAM: Login session closed.","3","5502"
"Jun 30, 2026 @ 23:20:40.169","srv-prod","PAM: Login session opened.","3","5501"
"Jun 30, 2026 @ 23:20:40.168","srv-prod","Successful sudo to ROOT executed.","3","5402"
"Jun 30, 2026 @ 23:20:33.996","srv-prod","Successful sudo to ROOT executed.","3","5402"
"Jun 30, 2026 @ 23:20:33.996","srv-prod","PAM: Login session opened.","3","5501"
"Jun 30, 2026 @ 23:20:33.996","srv-prod","Successful sudo to ROOT executed.","3","5402"
"Jun 30, 2026 @ 23:20:33.996","srv-prod","PAM: Login session opened.","3","5501"
"Jun 30, 2026 @ 23:20:33.996","srv-prod","PAM: Login session closed.","3","5502"
"Jun 30, 2026 @ 23:20:33.996","srv-prod","PAM: Login session closed.","3","5502"
"Jun 30, 2026 @ 23:20:33.996","srv-prod","PAM: Login session closed.","3","5502"
"Jun 30, 2026 @ 23:20:33.995","srv-prod","PAM: Login session opened.","3","5501"
"Jun 30, 2026 @ 23:20:33.993","srv-prod","Successful sudo to ROOT executed.","3","5402"
"Jun 30, 2026 @ 23:18:15.753","srv-prod","Successful sudo to ROOT executed.","3","5402"
"Jun 30, 2026 @ 23:18:15.753","srv-prod","PAM: Login session closed.","3","5502"
"Jun 30, 2026 @ 23:18:15.753","srv-prod","PAM: Login session opened.","3","5501"
"Jun 30, 2026 @ 23:17:59.713","srv-prod","PAM: Login session closed.","3","5502"
"Jun 30, 2026 @ 23:15:45.524","srv-prod","PAM: Login session opened.","3","5501"
"Jun 30, 2026 @ 23:15:45.523","srv-prod","Successful sudo to ROOT executed.","3","5402"
"Jun 30, 2026 @ 23:15:29.505","srv-prod","PAM: Login session opened.","3","5501"
"Jun 30, 2026 @ 23:15:29.505","srv-prod","Successful sudo to ROOT executed.","3","5402"
"Jun 30, 2026 @ 23:15:29.505","srv-prod","PAM: Login session closed.","3","5502"
"Jun 30, 2026 @ 23:15:11.460","srv-prod","sshd: authentication failed.","5","5760"
"Jun 30, 2026 @ 23:15:11.460","srv-prod","PAM: Login session closed.","3","5502"
"Jun 30, 2026 @ 23:15:11.459","srv-prod","sshd: authentication failed.","5","5760"
"Jun 30, 2026 @ 23:15:09.498","srv-prod","sshd: authentication failed.","5","5760"
"Jun 30, 2026 @ 23:15:09.487","srv-prod","sshd: authentication failed.","5","5760"
"Jun 30, 2026 @ 23:15:09.484","srv-prod","sshd: authentication failed.","5","5760"
"Jun 30, 2026 @ 23:15:09.474","srv-prod","sshd: authentication failed.","5","5760"
"Jun 30, 2026 @ 23:15:07.355","srv-prod","sshd: authentication failed.","5","5760"
"Jun 30, 2026 @ 23:15:07.355","srv-prod","sshd: brute force trying to get access to the system. Authentication failed.","10","5763"
"Jun 30, 2026 @ 23:15:07.352","srv-prod","sshd: authentication failed.","5","5760"
"Jun 30, 2026 @ 23:15:05.351","srv-prod","sshd: authentication failed.","5","5760"
"Jun 30, 2026 @ 23:15:05.351","srv-prod","sshd: authentication failed.","5","5760"
"Jun 30, 2026 @ 23:15:05.350","srv-prod","sshd: authentication failed.","5","5760"
"Jun 30, 2026 @ 23:15:05.350","srv-prod","sshd: authentication failed.","5","5760"
"Jun 30, 2026 @ 23:15:05.348","srv-prod","sshd: authentication failed.","5","5760"
"Jun 30, 2026 @ 23:15:03.356","srv-prod","sshd: authentication failed.","5","5760"
"Jun 30, 2026 @ 23:15:03.356","srv-prod","PAM: Login session opened.","3","5501"
"Jun 30, 2026 @ 23:15:03.355","srv-prod","Successful sudo to ROOT executed.","3","5402"
"Jun 30, 2026 @ 23:14:57.194","srv-prod","PAM: Login session closed.","3","5502"
"Jun 30, 2026 @ 23:14:57.193","srv-prod","PAM: Login session opened.","3","5501"
"Jun 30, 2026 @ 23:14:57.193","srv-prod","Successful sudo to ROOT executed.","3","5402"
"Jun 30, 2026 @ 23:14:48.550","srv-prod","Wazuh server started.","3","502"
"Jun 30, 2026 @ 23:14:43.183","srv-prod","PAM: Login session closed.","3","5502"
"Jun 30, 2026 @ 23:14:36.016","srv-prod","Host-based anomaly detection event (rootcheck).","7","510"
"Jun 30, 2026 @ 23:14:35.888","srv-prod","Host-based anomaly detection event (rootcheck).","7","510"
"Jun 30, 2026 @ 23:11:07.902","srv-prod","Successful sudo to ROOT executed.","3","5402"
"Jun 30, 2026 @ 23:11:07.902","srv-prod","PAM: Login session opened.","3","5501"
"Jun 30, 2026 @ 23:11:01.885","srv-prod","PAM: Login session closed.","3","5502"
"Jun 30, 2026 @ 23:10:59.882","srv-prod","PAM: Login session opened.","3","5501"
"Jun 30, 2026 @ 23:10:59.882","srv-prod","PAM: Login session closed.","3","5502"
"Jun 30, 2026 @ 23:10:59.882","srv-prod","Successful sudo to ROOT executed.","3","5402"
"Jun 30, 2026 @ 23:10:59.880","srv-prod","Successful sudo to ROOT executed.","3","5402"
"Jun 30, 2026 @ 23:10:59.880","srv-prod","PAM: Login session opened.","3","5501"
"Jun 30, 2026 @ 23:10:51.865","srv-prod","PAM: Login session closed.","3","5502"
"Jun 30, 2026 @ 23:10:51.864","srv-prod","PAM: Login session opened.","3","5501"
"Jun 30, 2026 @ 23:10:51.862","srv-prod","Successful sudo to ROOT executed.","3","5402"
"Jun 30, 2026 @ 23:10:45.854","srv-prod","PAM: Login session closed.","3","5502"
"Jun 30, 2026 @ 23:10:45.853","srv-prod","PAM: Login session opened.","3","5501"
"Jun 30, 2026 @ 23:10:45.852","srv-prod","Successful sudo to ROOT executed.","3","5402"
"Jun 30, 2026 @ 23:07:33.585","srv-prod","PAM: Login session closed.","3","5502"
"Jun 30, 2026 @ 23:07:33.584","srv-prod","Successful sudo to ROOT executed.","3","5402"
"Jun 30, 2026 @ 23:07:33.584","srv-prod","PAM: Login session opened.","3","5501"
"Jun 30, 2026 @ 23:06:05.408","srv-prod","PAM: Login session closed.","3","5502"
"Jun 30, 2026 @ 23:06:05.408","srv-prod","Successful sudo to ROOT executed.","3","5402"
"Jun 30, 2026 @ 23:06:05.408","srv-prod","PAM: Login session opened.","3","5501"
"Jun 30, 2026 @ 23:05:43.382","srv-prod","PAM: Login session closed.","3","5502"
"Jun 30, 2026 @ 23:05:43.381","srv-prod","Successful sudo to ROOT executed.","3","5402"
"Jun 30, 2026 @ 23:05:43.381","srv-prod","PAM: Login session opened.","3","5501"
"Jun 30, 2026 @ 23:05:03.325","srv-prod","PAM: Login session opened.","3","5501"
"Jun 30, 2026 @ 23:05:03.325","srv-prod","Successful sudo to ROOT executed.","3","5402"
"Jun 30, 2026 @ 23:05:03.325","srv-prod","PAM: Login session closed.","3","5502"
"Jun 30, 2026 @ 23:04:13.267","srv-prod","Successful sudo to ROOT executed.","3","5402"
"Jun 30, 2026 @ 23:04:13.267","srv-prod","PAM: Login session closed.","3","5502"
"Jun 30, 2026 @ 23:04:13.267","srv-prod","PAM: Login session opened.","3","5501"
"Jun 30, 2026 @ 23:02:51.129","srv-prod","PAM: Login session opened.","3","5501"
"Jun 30, 2026 @ 23:02:51.129","srv-prod","PAM: Login session closed.","3","5502"
"Jun 30, 2026 @ 23:02:51.129","srv-prod","Successful sudo to ROOT executed.","3","5402"
"Jun 30, 2026 @ 23:02:27.094","srv-prod","PAM: Login session closed.","3","5502"
"Jun 30, 2026 @ 23:02:27.092","srv-prod","sshd: authentication failed.","5","5760"
"Jun 30, 2026 @ 23:02:27.091","srv-prod","sshd: authentication failed.","5","5760"
"Jun 30, 2026 @ 23:02:25.114","srv-prod","sshd: authentication failed.","5","5760"
"Jun 30, 2026 @ 23:02:25.114","srv-prod","sshd: authentication failed.","5","5760"
"Jun 30, 2026 @ 23:02:25.114","srv-prod","sshd: authentication failed.","5","5760"
"Jun 30, 2026 @ 23:02:25.114","srv-prod","sshd: authentication failed.","5","5760"
"Jun 30, 2026 @ 23:02:25.113","srv-prod","sshd: authentication failed.","5","5760"
"Jun 30, 2026 @ 23:02:23.094","srv-prod","sshd: authentication failed.","5","5760"
"Jun 30, 2026 @ 23:02:23.094","srv-prod","sshd: authentication failed.","5","5760"
"Jun 30, 2026 @ 23:02:23.094","srv-prod","sshd: brute force trying to get access to the system. Authentication failed.","10","5763"
"Jun 30, 2026 @ 23:02:23.094","srv-prod","sshd: authentication failed.","5","5760"
"Jun 30, 2026 @ 23:02:21.085","srv-prod","sshd: authentication failed.","5","5760"
"Jun 30, 2026 @ 23:02:21.085","srv-prod","sshd: authentication failed.","5","5760"
"Jun 30, 2026 @ 23:02:21.085","srv-prod","sshd: authentication failed.","5","5760"
"Jun 30, 2026 @ 23:02:21.085","srv-prod","sshd: authentication failed.","5","5760"
"Jun 30, 2026 @ 23:02:21.084","srv-prod","PAM: Login session opened.","3","5501"
"Jun 30, 2026 @ 23:02:21.084","srv-prod","Successful sudo to ROOT executed.","3","5402"
"Jun 30, 2026 @ 23:02:19.058","srv-prod","PAM: Login session closed.","3","5502"
"Jun 30, 2026 @ 23:00:24.124","srv-prod","Wazuh server started.","3","502"
"Jun 30, 2026 @ 23:00:20.922","srv-prod","PAM: Login session opened.","3","5501"
"Jun 30, 2026 @ 23:00:20.922","srv-prod","Successful sudo to ROOT executed.","3","5402"
"Jun 30, 2026 @ 23:00:20.921","srv-prod","PAM: Login session closed.","3","5502"
"Jun 30, 2026 @ 23:00:12.669","srv-prod","Host-based anomaly detection event (rootcheck).","7","510"
"Jun 30, 2026 @ 23:00:12.578","srv-prod","Host-based anomaly detection event (rootcheck).","7","510"
"Jun 30, 2026 @ 22:59:40.547","srv-prod","PAM: Login session closed.","3","5502"
"Jun 30, 2026 @ 22:59:38.544","srv-prod","PAM: Login session opened.","3","5501"
"Jun 30, 2026 @ 22:59:38.544","srv-prod","Successful sudo to ROOT executed.","3","5402"
"Jun 30, 2026 @ 22:59:30.532","srv-prod","PAM: Login session closed.","3","5502"
"Jun 30, 2026 @ 22:59:30.532","srv-prod","PAM: Login session opened.","3","5501"
"Jun 30, 2026 @ 22:59:30.532","srv-prod","PAM: Login session opened.","3","5501"
"Jun 30, 2026 @ 22:59:30.532","srv-prod","Successful sudo to ROOT executed.","3","5402"
"Jun 30, 2026 @ 22:59:30.532","srv-prod","Successful sudo to ROOT executed.","3","5402"
"Jun 30, 2026 @ 22:59:30.532","srv-prod","PAM: Login session opened.","3","5501"
"Jun 30, 2026 @ 22:59:30.532","srv-prod","Successful sudo to ROOT executed.","3","5402"
"Jun 30, 2026 @ 22:59:30.532","srv-prod","PAM: Login session closed.","3","5502"
"Jun 30, 2026 @ 22:59:30.532","srv-prod","PAM: Login session closed.","3","5502"
"Jun 30, 2026 @ 22:59:30.531","srv-prod","PAM: Login session opened.","3","5501"
"Jun 30, 2026 @ 22:59:30.531","srv-prod","PAM: Login session closed.","3","5502"
"Jun 30, 2026 @ 22:59:30.531","srv-prod","Successful sudo to ROOT executed.","3","5402"
"Jun 30, 2026 @ 22:55:32.193","srv-prod","Successful sudo to ROOT executed.","3","5402"
"Jun 30, 2026 @ 22:55:32.193","srv-prod","PAM: Login session closed.","3","5502"
"Jun 30, 2026 @ 22:55:32.193","srv-prod","PAM: Login session opened.","3","5501"
"Jun 30, 2026 @ 22:53:43.791","srv-prod","Successful sudo to ROOT executed.","3","5402"
"Jun 30, 2026 @ 22:53:43.791","srv-prod","PAM: Login session opened.","3","5501"
"Jun 30, 2026 @ 22:53:43.791","srv-prod","PAM: Login session closed.","3","5502"
"Jun 30, 2026 @ 22:53:37.785","srv-prod","PAM: Login session closed.","3","5502"
"Jun 30, 2026 @ 22:53:35.803","srv-prod","sshd: authentication failed.","5","5760"
"Jun 30, 2026 @ 22:53:35.803","srv-prod","sshd: authentication failed.","5","5760"
"Jun 30, 2026 @ 22:53:35.803","srv-prod","sshd: authentication failed.","5","5760"
"Jun 30, 2026 @ 22:53:35.803","srv-prod","sshd: authentication failed.","5","5760"
"Jun 30, 2026 @ 22:53:35.803","srv-prod","sshd: authentication failed.","5","5760"
"Jun 30, 2026 @ 22:53:33.832","srv-prod","sshd: authentication failed.","5","5760"
"Jun 30, 2026 @ 22:53:33.819","srv-prod","sshd: authentication failed.","5","5760"
"Jun 30, 2026 @ 22:53:31.852","srv-prod","sshd: brute force trying to get access to the system. Authentication failed.","10","5763"
"Jun 30, 2026 @ 22:53:31.844","srv-prod","sshd: authentication failed.","5","5760"
"Jun 30, 2026 @ 22:53:31.835","srv-prod","sshd: authentication failed.","5","5760"
"Jun 30, 2026 @ 22:53:31.827","srv-prod","sshd: authentication failed.","5","5760"
"Jun 30, 2026 @ 22:53:31.775","srv-prod","sshd: authentication failed.","5","5760"
"Jun 30, 2026 @ 22:53:29.171","srv-prod","sshd: authentication failed.","5","5760"
"Jun 30, 2026 @ 22:53:29.171","srv-prod","Successful sudo to ROOT executed.","3","5402"
"Jun 30, 2026 @ 22:53:29.171","srv-prod","PAM: Login session opened.","3","5501"
"Jun 30, 2026 @ 22:53:29.171","srv-prod","sshd: authentication failed.","5","5760"
"Jun 30, 2026 @ 22:53:29.171","srv-prod","sshd: authentication failed.","5","5760"
"Jun 30, 2026 @ 22:53:19.159","srv-prod","PAM: Login session closed.","3","5502"
"Jun 30, 2026 @ 22:53:18.129","srv-prod","Wazuh server started.","3","502"
"Jun 30, 2026 @ 22:53:15.057","srv-prod","Successful sudo to ROOT executed.","3","5402"
"Jun 30, 2026 @ 22:53:15.057","srv-prod","PAM: Login session opened.","3","5501"
"Jun 30, 2026 @ 22:53:13.016","srv-prod","PAM: Login session closed.","3","5502"
"Jun 30, 2026 @ 22:53:08.108","srv-prod","Host-based anomaly detection event (rootcheck).","7","510"
"Jun 30, 2026 @ 22:53:08.014","srv-prod","Host-based anomaly detection event (rootcheck).","7","510"
"Jun 30, 2026 @ 22:52:40.250","srv-prod","Successful sudo to ROOT executed.","3","5402"
"Jun 30, 2026 @ 22:52:40.250","srv-prod","PAM: Login session opened.","3","5501"
"Jun 30, 2026 @ 22:51:24.150","srv-prod","PAM: Login session closed.","3","5502"
"Jun 30, 2026 @ 22:51:20.147","srv-prod","PAM: Login session opened.","3","5501"
"Jun 30, 2026 @ 22:51:20.147","srv-prod","Successful sudo to ROOT executed.","3","5402"
"Jun 30, 2026 @ 22:51:08.128","srv-prod","PAM: Login session opened.","3","5501"
"Jun 30, 2026 @ 22:51:08.128","srv-prod","PAM: Login session closed.","3","5502"
"Jun 30, 2026 @ 22:51:08.123","srv-prod","Successful sudo to ROOT executed.","3","5402"
"Jun 30, 2026 @ 22:51:08.123","srv-prod","PAM: Login session closed.","3","5502"
"Jun 30, 2026 @ 22:51:08.123","srv-prod","PAM: Login session opened.","3","5501"
"Jun 30, 2026 @ 22:51:08.122","srv-prod","Successful sudo to ROOT executed.","3","5402"
"Jun 30, 2026 @ 22:51:02.113","srv-prod","PAM: Login session closed.","3","5502"
"Jun 30, 2026 @ 22:51:02.113","srv-prod","Successful sudo to ROOT executed.","3","5402"
"Jun 30, 2026 @ 22:51:02.113","srv-prod","PAM: Login session opened.","3","5501"
"Jun 30, 2026 @ 22:47:27.791","srv-prod","PAM: Login session opened.","3","5501"
"Jun 30, 2026 @ 22:47:27.791","srv-prod","Successful sudo to ROOT executed.","3","5402"
"Jun 30, 2026 @ 22:47:27.791","srv-prod","PAM: Login session closed.","3","5502"
"Jun 30, 2026 @ 22:47:21.785","srv-prod","sshd: authentication failed.","5","5760"
"Jun 30, 2026 @ 22:47:21.785","srv-prod","sshd: authentication failed.","5","5760"
"Jun 30, 2026 @ 22:47:21.785","srv-prod","PAM: Login session closed.","3","5502"
"Jun 30, 2026 @ 22:47:21.784","srv-prod","sshd: authentication failed.","5","5760"
"Jun 30, 2026 @ 22:47:21.784","srv-prod","sshd: authentication failed.","5","5760"
"Jun 30, 2026 @ 22:47:19.791","srv-prod","sshd: authentication failed.","5","5760"
"Jun 30, 2026 @ 22:47:19.791","srv-prod","sshd: authentication failed.","5","5760"
"Jun 30, 2026 @ 22:47:19.791","srv-prod","sshd: authentication failed.","5","5760"
"Jun 30, 2026 @ 22:47:19.790","srv-prod","sshd: brute force trying to get access to the system. Authentication failed.","10","5763"
"Jun 30, 2026 @ 22:47:19.785","srv-prod","sshd: authentication failed.","5","5760"
"Jun 30, 2026 @ 22:47:17.779","srv-prod","sshd: authentication failed.","5","5760"
"Jun 30, 2026 @ 22:47:17.779","srv-prod","sshd: authentication failed.","5","5760"
"Jun 30, 2026 @ 22:47:17.779","srv-prod","sshd: authentication failed.","5","5760"
"Jun 30, 2026 @ 22:47:17.776","srv-prod","sshd: authentication failed.","5","5760"
"Jun 30, 2026 @ 22:47:17.775","srv-prod","sshd: authentication failed.","5","5760"
"Jun 30, 2026 @ 22:47:15.774","srv-prod","sshd: authentication failed.","5","5760"
"Jun 30, 2026 @ 22:47:15.774","srv-prod","PAM: Login session opened.","3","5501"
"Jun 30, 2026 @ 22:47:15.771","srv-prod","Successful sudo to ROOT executed.","3","5402"
"Jun 30, 2026 @ 22:47:13.766","srv-prod","PAM: Login session closed.","3","5502"
"Jun 30, 2026 @ 22:46:53.687","srv-prod","PAM: Login session opened.","3","5501"
"Jun 30, 2026 @ 22:46:53.686","srv-prod","Successful sudo to ROOT executed.","3","5402"
"Jun 30, 2026 @ 22:46:32.608","srv-prod","Wazuh server started.","3","502"
"Jun 30, 2026 @ 22:46:27.497","srv-prod","PAM: Login session closed.","3","5502"
"Jun 30, 2026 @ 22:46:21.394","srv-prod","Host-based anomaly detection event (rootcheck).","7","510"
"Jun 30, 2026 @ 22:46:21.317","srv-prod","Host-based anomaly detection event (rootcheck).","7","510"
"Jun 30, 2026 @ 22:45:50.417","srv-prod","Successful sudo to ROOT executed.","3","5402"
"Jun 30, 2026 @ 22:45:50.417","srv-prod","PAM: Login session opened.","3","5501"
"Jun 30, 2026 @ 22:45:46.392","srv-prod","PAM: Login session closed.","3","5502"
"Jun 30, 2026 @ 22:45:42.387","srv-prod","PAM: Login session opened.","3","5501"
"Jun 30, 2026 @ 22:45:42.386","srv-prod","Successful sudo to ROOT executed.","3","5402"
"Jun 30, 2026 @ 22:45:38.378","srv-prod","PAM: Login session closed.","3","5502"
"Jun 30, 2026 @ 22:45:38.378","srv-prod","Successful sudo to ROOT executed.","3","5402"
"Jun 30, 2026 @ 22:45:38.378","srv-prod","PAM: Login session opened.","3","5501"
"Jun 30, 2026 @ 22:45:30.371","srv-prod","PAM: Login session closed.","3","5502"
"Jun 30, 2026 @ 22:45:30.371","srv-prod","PAM: Login session opened.","3","5501"
"Jun 30, 2026 @ 22:45:30.370","srv-prod","Successful sudo to ROOT executed.","3","5402"
"Jun 30, 2026 @ 22:45:26.373","srv-prod","PAM: Login session closed.","3","5502"
"Jun 30, 2026 @ 22:45:26.372","srv-prod","PAM: Login session opened.","3","5501"
"Jun 30, 2026 @ 22:45:26.371","srv-prod","Successful sudo to ROOT executed.","3","5402"
"Jun 30, 2026 @ 22:44:04.252","srv-prod","PAM: Login session opened.","3","5501"
"Jun 30, 2026 @ 22:44:04.252","srv-prod","PAM: Login session closed.","3","5502"
"Jun 30, 2026 @ 22:44:04.250","srv-prod","Successful sudo to ROOT executed.","3","5402"
"Jun 30, 2026 @ 22:33:03.246","srv-prod","PAM: Login session opened.","3","5501"
"Jun 30, 2026 @ 22:33:03.246","srv-prod","PAM: Login session closed.","3","5502"
"Jun 30, 2026 @ 22:33:03.245","srv-prod","Successful sudo to ROOT executed.","3","5402"
"Jun 30, 2026 @ 22:32:37.211","srv-prod","PAM: Login session closed.","3","5502"
"Jun 30, 2026 @ 22:32:37.210","srv-prod","PAM: Login session opened.","3","5501"
"Jun 30, 2026 @ 22:32:37.210","srv-prod","Successful sudo to ROOT executed.","3","5402"
"Jun 30, 2026 @ 22:28:48.686","srv-prod","PAM: Login session closed.","3","5502"
"Jun 30, 2026 @ 22:28:48.686","srv-prod","PAM: Login session opened.","3","5501"
"Jun 30, 2026 @ 22:28:48.684","srv-prod","Successful sudo to ROOT executed.","3","5402"
"Jun 30, 2026 @ 22:28:26.651","srv-prod","PAM: Login session closed.","3","5502"
"Jun 30, 2026 @ 22:28:24.633","srv-prod","sshd: authentication failed.","5","5760"
"Jun 30, 2026 @ 22:28:24.633","srv-prod","sshd: authentication failed.","5","5760"
"Jun 30, 2026 @ 22:28:24.633","srv-prod","sshd: authentication failed.","5","5760"
"Jun 30, 2026 @ 22:28:24.633","srv-prod","sshd: authentication failed.","5","5760"
"Jun 30, 2026 @ 22:28:24.632","srv-prod","sshd: authentication failed.","5","5760"
"Jun 30, 2026 @ 22:28:22.630","srv-prod","sshd: authentication failed.","5","5760"
"Jun 30, 2026 @ 22:28:22.630","srv-prod","sshd: brute force trying to get access to the system. Authentication failed.","10","5763"
"Jun 30, 2026 @ 22:28:22.630","srv-prod","sshd: authentication failed.","5","5760"
"Jun 30, 2026 @ 22:28:22.630","srv-prod","sshd: authentication failed.","5","5760"
"Jun 30, 2026 @ 22:28:20.627","srv-prod","sshd: authentication failed.","5","5760"
"Jun 30, 2026 @ 22:28:20.627","srv-prod","sshd: authentication failed.","5","5760"
"Jun 30, 2026 @ 22:28:20.627","srv-prod","sshd: authentication failed.","5","5760"
"Jun 30, 2026 @ 22:28:20.627","srv-prod","sshd: authentication failed.","5","5760"
"Jun 30, 2026 @ 22:28:20.625","srv-prod","sshd: authentication failed.","5","5760"
"Jun 30, 2026 @ 22:28:18.626","srv-prod","Successful sudo to ROOT executed.","3","5402"
"Jun 30, 2026 @ 22:28:18.626","srv-prod","PAM: Login session opened.","3","5501"
"Jun 30, 2026 @ 22:28:18.626","srv-prod","sshd: authentication failed.","5","5760"
"Jun 30, 2026 @ 22:27:50.595","srv-prod","PAM: Login session closed.","3","5502"
"Jun 30, 2026 @ 22:24:12.253","srv-prod","Successful sudo to ROOT executed.","3","5402"
"Jun 30, 2026 @ 22:24:12.253","srv-prod","PAM: Login session opened.","3","5501"
"Jun 30, 2026 @ 22:23:18.455","srv-prod","Wazuh server started.","3","502"
"Jun 30, 2026 @ 22:23:14.151","srv-prod","PAM: Login session closed.","3","5502"
"Jun 30, 2026 @ 22:23:08.276","srv-prod","Host-based anomaly detection event (rootcheck).","7","510"
"Jun 30, 2026 @ 22:23:08.173","srv-prod","Host-based anomaly detection event (rootcheck).","7","510"
"Jun 30, 2026 @ 22:17:06.072","srv-prod","Successful sudo to ROOT executed.","3","5402"
"Jun 30, 2026 @ 22:17:06.072","srv-prod","PAM: Login session opened.","3","5501"
"Jun 30, 2026 @ 22:16:04.001","srv-prod","Successful sudo to ROOT executed.","3","5402"
"Jun 30, 2026 @ 22:16:04.001","srv-prod","PAM: Login session opened.","3","5501"
"Jun 30, 2026 @ 22:16:04.001","srv-prod","PAM: Login session closed.","3","5502"
"Jun 30, 2026 @ 22:16:02.000","srv-prod","PAM: Login session opened.","3","5501"
"Jun 30, 2026 @ 22:16:02.000","srv-prod","PAM: Login session closed.","3","5502"
"Jun 30, 2026 @ 22:16:01.999","srv-prod","Successful sudo to ROOT executed.","3","5402"
"Jun 30, 2026 @ 22:15:57.991","srv-prod","PAM: Login session opened.","3","5501"
"Jun 30, 2026 @ 22:15:57.991","srv-prod","PAM: Login session closed.","3","5502"
"Jun 30, 2026 @ 22:15:55.988","srv-prod","Successful sudo to ROOT executed.","3","5402"
"Jun 30, 2026 @ 22:15:51.981","srv-prod","Successful sudo to ROOT executed.","3","5402"
"Jun 30, 2026 @ 22:15:51.981","srv-prod","PAM: Login session opened.","3","5501"
"Jun 30, 2026 @ 22:15:51.981","srv-prod","PAM: Login session closed.","3","5502"
"Jun 30, 2026 @ 22:15:51.981","srv-prod","PAM: Login session opened.","3","5501"
"Jun 30, 2026 @ 22:15:51.981","srv-prod","PAM: Login session closed.","3","5502"
"Jun 30, 2026 @ 22:15:51.981","srv-prod","Successful sudo to ROOT executed.","3","5402"
"Jun 30, 2026 @ 22:14:43.880","srv-prod","PAM: Login session closed.","3","5502"
"Jun 30, 2026 @ 22:14:43.880","srv-prod","PAM: Login session opened.","3","5501"
"Jun 30, 2026 @ 22:14:43.879","srv-prod","Successful sudo to ROOT executed.","3","5402"
"Jun 30, 2026 @ 22:14:43.879","srv-prod","PAM: Login session closed.","3","5502"
"Jun 30, 2026 @ 22:14:43.877","srv-prod","Successful sudo to ROOT executed.","3","5402"
"Jun 30, 2026 @ 22:14:43.877","srv-prod","PAM: Login session opened.","3","5501"
"Jun 30, 2026 @ 22:14:19.839","srv-prod","Successful sudo to ROOT executed.","3","5402"
"Jun 30, 2026 @ 22:14:19.839","srv-prod","PAM: Login session opened.","3","5501"
"Jun 30, 2026 @ 22:14:19.839","srv-prod","PAM: Login session closed.","3","5502"
"Jun 30, 2026 @ 22:10:01.425","srv-prod","PAM: Login session closed.","3","5502"
"Jun 30, 2026 @ 22:09:59.314","srv-prod","New dpkg (Debian Package) installed.","7","2902"
"Jun 30, 2026 @ 22:09:58.024","srv-prod","New dpkg (Debian Package) installed.","7","2902"
"Jun 30, 2026 @ 22:09:58.024","srv-prod","Dpkg (Debian Package) half configured.","7","2904"
"Jun 30, 2026 @ 22:09:58.024","srv-prod","Dpkg (Debian Package) half configured.","7","2904"
"Jun 30, 2026 @ 22:09:58.023","srv-prod","New dpkg (Debian Package) requested to install.","3","2901"
"Jun 30, 2026 @ 22:09:53.412","srv-prod","Successful sudo to ROOT executed.","3","5402"
"Jun 30, 2026 @ 22:09:53.412","srv-prod","PAM: Login session opened.","3","5501"
"Jun 30, 2026 @ 22:09:15.347","srv-prod","PAM: Login session closed.","3","5502"
"Jun 30, 2026 @ 22:09:15.347","srv-prod","Successful sudo to ROOT executed.","3","5402"
"Jun 30, 2026 @ 22:09:15.347","srv-prod","PAM: Login session opened.","3","5501"
"Jun 30, 2026 @ 22:09:09.334","srv-prod","PAM: Login session closed.","3","5502"
"Jun 30, 2026 @ 22:09:09.334","srv-prod","PAM: Login session opened.","3","5501"
"Jun 30, 2026 @ 22:09:09.330","srv-prod","First time user executed sudo.","4","5403"
"Jun 30, 2026 @ 21:55:37.975","srv-prod","PAM: Login session closed.","3","5502"
"Jun 30, 2026 @ 21:55:35.876","srv-prod","Dpkg (Debian Package) half configured.","7","2904"
"Jun 30, 2026 @ 21:55:35.876","srv-prod","New dpkg (Debian Package) installed.","7","2902"
"Jun 30, 2026 @ 21:55:34.619","srv-prod","Dpkg (Debian Package) half configured.","7","2904"
"Jun 30, 2026 @ 21:55:34.619","srv-prod","Dpkg (Debian Package) removed.","7","2903"
"Jun 30, 2026 @ 21:55:33.878","srv-prod","New dpkg (Debian Package) installed.","7","2902"
"Jun 30, 2026 @ 21:54:23.440","srv-prod","Wazuh server started.","3","502"
"Jun 30, 2026 @ 21:54:17.207","srv-prod","Host-based anomaly detection event (rootcheck).","7","510"
"Jun 30, 2026 @ 21:54:16.736","srv-prod","Host-based anomaly detection event (rootcheck).","7","510"
"Jun 30, 2026 @ 21:52:00.819","srv-prod","PAM: Login session closed.","3","5502"
"Jun 30, 2026 @ 21:52:00.477","srv-prod","New dpkg (Debian Package) installed.","7","2902"
"Jun 30, 2026 @ 21:51:58.815","srv-prod","PAM: Login session opened.","3","5501"
"Jun 30, 2026 @ 21:51:58.815","srv-prod","PAM: Login session closed.","3","5502"
"Jun 30, 2026 @ 21:51:56.816","srv-prod","PAM: Login session opened.","3","5501"
"Jun 30, 2026 @ 21:51:56.811","srv-prod","PAM: Login session closed.","3","5502"
"Jun 30, 2026 @ 21:51:54.808","srv-prod","PAM: Login session opened.","3","5501"
"Jun 30, 2026 @ 21:51:52.461","srv-prod","Dpkg (Debian Package) half configured.","7","2904"
"Jun 30, 2026 @ 21:42:49.322","srv-prod","New dpkg (Debian Package) requested to install.","3","2901"
"Jun 30, 2026 @ 21:42:04.348","srv-prod","New dpkg (Debian Package) installed.","7","2902"
"Jun 30, 2026 @ 21:42:01.182","srv-prod","Dpkg (Debian Package) half configured.","7","2904"
"Jun 30, 2026 @ 21:41:55.112","srv-prod","New dpkg (Debian Package) requested to install.","3","2901"
"Jun 30, 2026 @ 21:41:51.487","srv-prod","Wazuh server started.","3","502"
"Jun 30, 2026 @ 21:41:41.142","srv-prod","Host-based anomaly detection event (rootcheck).","7","510"
"Jun 30, 2026 @ 21:41:40.999","srv-prod","Host-based anomaly detection event (rootcheck).","7","510"